{"count":1,"self":13.9667056,"total":15.863589999999999,"children":{"AgentResetIfDone":{"count":3501,"self":0.153142,"total":0.153142,"children":null},"AgentSendState":{"count":3501,"self":0.285072,"total":0.46345899999999995,"children":{"CollectObservations":{"count":3417,"self":0.178387,"total":0.178387,"children":null}}},"DecideAction":{"count":3501,"self":0.22238999999999998,"total":1.272829,"children":{"AgentInfo.ToProto":{"count":3417,"self":0.217298,"total":1.050439,"children":{"RenderTexSensor.GetCompressedObservation":{"count":3417,"self":0.83314099999999991,"total":0.83314099999999991,"children":null}}}}},"AcademyStep":{"count":84,"self":0.003048,"total":0.003048,"children":null},"AgentAct":{"count":84,"self":0.0024909999999999997,"total":0.0024909999999999997,"children":null}}}