{"count":1,"self":2.048002,"total":2.088761,"children":{"AgentResetIfDone":{"count":1,"self":0.000419,"total":0.000419,"children":null},"AgentSendState":{"count":1,"self":0.001442,"total":0.004627,"children":{"CollectObservations":{"count":1,"self":0.003185,"total":0.003185,"children":null}}},"DecideAction":{"count":1,"self":0.00041999999999999996,"total":0.00041999999999999996,"children":null},"AcademyStep":{"count":1,"self":6.3E-05,"total":6.3E-05,"children":null},"AgentAct":{"count":1,"self":0.032917999999999996,"total":0.032917999999999996,"children":null}}}