{"count":1,"self":7.3758072,"total":271.994996,"children":{"AgentResetIfDone":{"count":3417,"self":0.133832,"total":0.133832,"children":null},"AgentSendState":{"count":3417,"self":0.269485,"total":0.55484,"children":{"CollectObservations":{"count":3367,"self":0.28535499999999997,"total":0.28535499999999997,"children":null}}},"DecideAction":{"count":3417,"self":195.4352384,"total":195.596986,"children":{"AgentInfo.ToProto":{"count":3367,"self":0.16175399999999998,"total":0.16175399999999998,"children":null}}},"AcademyStep":{"count":3417,"self":0.079920999999999992,"total":0.079920999999999992,"children":null},"AgentAct":{"count":3417,"self":68.2523136,"total":68.252316,"children":null}}}