{"count":1,"self":18.6629264,"total":28.825394,"children":{"AgentResetIfDone":{"count":616,"self":0.02555,"total":0.02555,"children":null},"AgentSendState":{"count":616,"self":0.052202,"total":0.108804,"children":{"CollectObservations":{"count":615,"self":0.056602,"total":0.056602,"children":null}}},"DecideAction":{"count":616,"self":0.72785099999999991,"total":0.72785099999999991,"children":null},"AcademyStep":{"count":616,"self":0.016489999999999998,"total":0.016489999999999998,"children":null},"AgentAct":{"count":616,"self":9.2825119999999988,"total":9.2825119999999988,"children":null}}}