{"count":1,"self":29.536377599999998,"total":34.296305,"children":{"AgentResetIfDone":{"count":104,"self":0.029552,"total":0.029552,"children":null},"AgentSendState":{"count":104,"self":0.017716,"total":0.049282,"children":{"CollectObservations":{"count":103,"self":0.031566,"total":0.031566,"children":null}}},"DecideAction":{"count":104,"self":3.5918919999999996,"total":4.04869,"children":{"AgentInfo.ToProto":{"count":103,"self":0.021466,"total":0.456798,"children":{"RenderTexSensor.GetCompressedObservation":{"count":103,"self":0.435332,"total":0.435332,"children":null}}}}},"AcademyStep":{"count":104,"self":0.0035069999999999997,"total":0.0035069999999999997,"children":null},"AgentAct":{"count":104,"self":0.62335299999999993,"total":0.62335299999999993,"children":null}}}