{"count":1,"self":50.753267199999996,"total":69.655793,"children":{"AgentResetIfDone":{"count":966,"self":0.082406,"total":0.082406,"children":null},"AgentSendState":{"count":966,"self":0.11233,"total":0.203398,"children":{"CollectObservations":{"count":966,"self":0.091068,"total":0.091068,"children":null}}},"DecideAction":{"count":966,"self":1.2663849999999999,"total":1.2663849999999999,"children":null},"AcademyStep":{"count":966,"self":0.026201,"total":0.026201,"children":null},"AgentAct":{"count":966,"self":17.3224128,"total":17.322412,"children":null}}}