{"count":1,"self":151.1874048,"total":2272.6075619999997,"children":{"AgentResetIfDone":{"count":99851,"self":5.76802,"total":5.76802,"children":null},"AgentSendState":{"count":99851,"self":5.875176,"total":8.5594609999999989,"children":{"CollectObservations":{"count":99854,"self":2.684285,"total":2.684285,"children":null}}},"DecideAction":{"count":99851,"self":1917.7398271999998,"total":2099.745355,"children":{"AgentInfo.ToProto":{"count":11095,"self":6.4814359999999995,"total":182.005436,"children":{"CameraSensor.GetCompressedObservation":{"count":88760,"self":164.0080384,"total":164.008036,"children":null},"RenderTexSensor.GetCompressedObservation":{"count":11094,"self":11.515964,"total":11.515964,"children":null}}}}},"AcademyStep":{"count":99851,"self":2.433995,"total":2.433995,"children":null},"AgentAct":{"count":99851,"self":4.911302,"total":4.911302,"children":null}}}