{"count":1,"self":15.651022399999999,"total":51.25712,"children":{"AgentResetIfDone":{"count":846,"self":0.053370999999999995,"total":0.053370999999999995,"children":null},"AgentSendState":{"count":846,"self":0.11050399999999999,"total":0.27050799999999997,"children":{"CollectObservations":{"count":845,"self":0.16000399999999998,"total":0.16000399999999998,"children":null}}},"DecideAction":{"count":846,"self":26.322995199999998,"total":30.2698,"children":{"RenderTexSensor.GetCompressedObservation":{"count":845,"self":3.9468048,"total":3.946805,"children":null}}},"AcademyStep":{"count":846,"self":0.028322,"total":0.028322,"children":null},"AgentAct":{"count":846,"self":4.981592,"total":4.981592,"children":null}}}