{"count":1,"self":16.2002272,"total":16.338748,"children":{"AgentResetIfDone":{"count":241,"self":0.011871999999999999,"total":0.011871999999999999,"children":null},"AgentSendState":{"count":241,"self":0.014104,"total":0.025502999999999998,"children":{"CollectObservations":{"count":72,"self":0.011399,"total":0.011399,"children":null}}},"DecideAction":{"count":241,"self":0.080552,"total":0.080552,"children":null},"AcademyStep":{"count":241,"self":0.007522,"total":0.007522,"children":null},"AgentAct":{"count":241,"self":0.010851,"total":0.010851,"children":null}}}