{"count":1,"self":81.87315199999999,"total":102.58662199999999,"children":{"AgentResetIfDone":{"count":1425,"self":0.07139899999999999,"total":0.07139899999999999,"children":null},"AgentSendState":{"count":1425,"self":0.082998999999999989,"total":0.193851,"children":{"CollectObservations":{"count":1424,"self":0.11085199999999999,"total":0.11085199999999999,"children":null}}},"DecideAction":{"count":1425,"self":0.03794,"total":0.03794,"children":null},"AcademyStep":{"count":1425,"self":0.033316,"total":0.033316,"children":null},"AgentAct":{"count":1425,"self":20.3757776,"total":20.375777,"children":null}}}