{"count":1,"self":4.32018,"total":124.826456,"children":{"AgentResetIfDone":{"count":1667,"self":0.061822999999999996,"total":0.061822999999999996,"children":null},"AgentSendState":{"count":1667,"self":0.119018,"total":0.241525,"children":{"CollectObservations":{"count":1626,"self":0.12250699999999999,"total":0.12250699999999999,"children":null}}},"DecideAction":{"count":1667,"self":95.1952512,"total":95.264665999999991,"children":{"AgentInfo.ToProto":{"count":1626,"self":0.069414999999999991,"total":0.069414999999999991,"children":null}}},"AcademyStep":{"count":1667,"self":0.03956,"total":0.03956,"children":null},"AgentAct":{"count":1667,"self":24.8969536,"total":24.896953999999997,"children":null}}}