{"count":1,"self":1.3152249999999999,"total":1.353599,"children":{"AgentResetIfDone":{"count":3,"self":0.0015229999999999998,"total":0.0015229999999999998,"children":null},"AgentSendState":{"count":3,"self":0.0016569999999999998,"total":0.008957,"children":{"CollectObservations":{"count":1,"self":0.0073,"total":0.0073,"children":null}}},"DecideAction":{"count":3,"self":0.001178,"total":0.001178,"children":null},"AcademyStep":{"count":3,"self":0.000197,"total":0.000197,"children":null},"AgentAct":{"count":3,"self":0.023729,"total":0.023729,"children":null}}}