{"count":1,"self":15.308639999999999,"total":18.422746999999998,"children":{"AgentResetIfDone":{"count":422,"self":0.035296999999999995,"total":0.035296999999999995,"children":null},"AgentSendState":{"count":422,"self":0.036048,"total":0.115093,"children":{"CollectObservations":{"count":421,"self":0.07904499999999999,"total":0.07904499999999999,"children":null}}},"DecideAction":{"count":422,"self":0.028002,"total":0.028002,"children":null},"AcademyStep":{"count":422,"self":0.014657,"total":0.014657,"children":null},"AgentAct":{"count":422,"self":2.918641,"total":2.918641,"children":null}}}