{"count":1,"self":9.1202848,"total":10.775592999999999,"children":{"AgentResetIfDone":{"count":236,"self":0.053623,"total":0.053623,"children":null},"AgentSendState":{"count":236,"self":0.022102999999999998,"total":0.11737099999999999,"children":{"CollectObservations":{"count":235,"self":0.095267999999999992,"total":0.095267999999999992,"children":null}}},"DecideAction":{"count":236,"self":0.015352,"total":0.015352,"children":null},"AcademyStep":{"count":236,"self":0.008845,"total":0.008845,"children":null},"AgentAct":{"count":236,"self":1.45855,"total":1.45855,"children":null}}}