{"count":1,"self":12.546051199999999,"total":14.444529,"children":{"AgentResetIfDone":{"count":313,"self":0.014228,"total":0.014228,"children":null},"AgentSendState":{"count":313,"self":0.022057999999999998,"total":0.045276,"children":{"CollectObservations":{"count":312,"self":0.023218,"total":0.023218,"children":null}}},"DecideAction":{"count":313,"self":0.01053,"total":0.01053,"children":null},"AcademyStep":{"count":313,"self":0.0092509999999999988,"total":0.0092509999999999988,"children":null},"AgentAct":{"count":313,"self":1.8177599999999998,"total":1.8177599999999998,"children":null}}}